{
  "properties": {
    "connectionReferences": {
      "shared_commondataserviceforapps_1": {
        "runtimeSource": "embedded",
        "connection": {
          "connectionReferenceLogicalName": "ya_sharedcommondataserviceforapps_46d6c"
        },
        "api": {
          "name": "shared_commondataserviceforapps"
        }
      }
    },
    "definition": {
      "$schema": "https://schema.management.azure.com/providers/Microsoft.Logic/schemas/2016-06-01/workflowdefinition.json#",
      "contentVersion": "1.0.0.0",
      "parameters": {
        "$connections": {
          "defaultValue": {},
          "type": "Object"
        },
        "$authentication": {
          "defaultValue": {},
          "type": "SecureObject"
        }
      },
      "triggers": {
        "manual": {
          "metadata": {
            "operationMetadataId": "3822d86d-ecd4-4278-b0f3-4acabb31ac4b"
          },
          "type": "Request",
          "kind": "Button",
          "inputs": {
            "schema": {
              "type": "object",
              "properties": {},
              "required": []
            }
          }
        }
      },
      "actions": {
        "行を一覧にする": {
          "runAfter": {},
          "metadata": {
            "operationMetadataId": "65115720-671c-4ace-9d64-8d991dad4082"
          },
          "type": "OpenApiConnection",
          "inputs": {
            "host": {
              "connectionName": "shared_commondataserviceforapps_1",
              "operationId": "ListRecords",
              "apiId": "/providers/Microsoft.PowerApps/apis/shared_commondataserviceforapps"
            },
            "parameters": {
              "entityName": "ya_municipalities",
              "$filter": "ya_code ne null"
            },
            "authentication": {
              "type": "Raw",
              "value": "@json(decodeBase64(triggerOutputs().headers['X-MS-APIM-Tokens']))['$ConnectionKey']"
            }
          }
        },
        "Apply_to_each": {
          "foreach": "@outputs('行を一覧にする')?['body/value']",
          "actions": {
            "行を一覧にする_2": {
              "runAfter": {},
              "metadata": {
                "operationMetadataId": "d3eb2be9-a7df-42b9-857c-000fd8c3314c"
              },
              "type": "OpenApiConnection",
              "inputs": {
                "host": {
                  "connectionName": "shared_commondataserviceforapps_1",
                  "operationId": "ListRecords",
                  "apiId": "/providers/Microsoft.PowerApps/apis/shared_commondataserviceforapps"
                },
                "parameters": {
                  "entityName": "ya_prefectures",
                  "$filter": "ya_code eq '@{substring(items('Apply_to_each')?['ya_code'], 0, 2)}'"
                },
                "authentication": {
                  "type": "Raw",
                  "value": "@json(decodeBase64(triggerOutputs().headers['X-MS-APIM-Tokens']))['$ConnectionKey']"
                }
              },
              "description": "substring(items('Apply_to_each')?['ya_code'], 0, 2)"
            },
            "行を更新する": {
              "runAfter": {
                "JSON_の解析": [
                  "Succeeded"
                ]
              },
              "metadata": {
                "operationMetadataId": "9d4c727f-6b48-4043-a326-03cb3f68b3fc"
              },
              "type": "OpenApiConnection",
              "inputs": {
                "host": {
                  "connectionName": "shared_commondataserviceforapps_1",
                  "operationId": "UpdateRecord",
                  "apiId": "/providers/Microsoft.PowerApps/apis/shared_commondataserviceforapps"
                },
                "parameters": {
                  "entityName": "ya_municipalities",
                  "recordId": "@items('Apply_to_each')?['ya_municipalityid']",
                  "item/ya_Prefecture@odata.bind": "ya_prefectures(@{first(body('JSON_の解析'))['ya_prefectureid']})"
                },
                "authentication": {
                  "type": "Raw",
                  "value": "@json(decodeBase64(triggerOutputs().headers['X-MS-APIM-Tokens']))['$ConnectionKey']"
                }
              },
              "description": "first(body('JSON_の解析'))['ya_prefectureid']"
            },
            "JSON_の解析": {
              "runAfter": {
                "行を一覧にする_2": [
                  "Succeeded"
                ]
              },
              "metadata": {
                "operationMetadataId": "aacbb35e-4b67-4a79-8c23-bb8a6135a5fd"
              },
              "type": "ParseJson",
              "inputs": {
                "content": "@outputs('行を一覧にする_2')?['body/value']",
                "schema": {
                  "type": "array",
                  "items": {
                    "type": "object",
                    "properties": {
                      "@@odata.type": {
                        "type": "string"
                      },
                      "@@odata.id": {
                        "type": "string"
                      },
                      "@@odata.etag": {
                        "type": "string"
                      },
                      "@@odata.editLink": {
                        "type": "string"
                      },
                      "ya_prefecturekana": {
                        "type": "string"
                      },
                      "_owningbusinessunit_value@OData.Community.Display.V1.FormattedValue": {
                        "type": "string"
                      },
                      "_owningbusinessunit_value@Microsoft.Dynamics.CRM.associatednavigationproperty": {
                        "type": "string"
                      },
                      "_owningbusinessunit_value@Microsoft.Dynamics.CRM.lookuplogicalname": {
                        "type": "string"
                      },
                      "_owningbusinessunit_value@odata.type": {
                        "type": "string"
                      },
                      "_owningbusinessunit_value": {
                        "type": "string"
                      },
                      "_owninguser_value@Microsoft.Dynamics.CRM.lookuplogicalname": {
                        "type": "string"
                      },
                      "_owninguser_value@odata.type": {
                        "type": "string"
                      },
                      "_owninguser_value": {
                        "type": "string"
                      },
                      "statecode@OData.Community.Display.V1.FormattedValue": {
                        "type": "string"
                      },
                      "statecode": {
                        "type": "integer"
                      },
                      "statuscode@OData.Community.Display.V1.FormattedValue": {
                        "type": "string"
                      },
                      "statuscode": {
                        "type": "integer"
                      },
                      "_createdby_value@OData.Community.Display.V1.FormattedValue": {
                        "type": "string"
                      },
                      "_createdby_value@Microsoft.Dynamics.CRM.lookuplogicalname": {
                        "type": "string"
                      },
                      "_createdby_value@odata.type": {
                        "type": "string"
                      },
                      "_createdby_value": {
                        "type": "string"
                      },
                      "ya_prefectureid@odata.type": {
                        "type": "string"
                      },
                      "ya_prefectureid": {
                        "type": "string"
                      },
                      "modifiedon@OData.Community.Display.V1.FormattedValue": {
                        "type": "string"
                      },
                      "modifiedon@odata.type": {
                        "type": "string"
                      },
                      "modifiedon": {
                        "type": "string"
                      },
                      "ya_code": {
                        "type": "string"
                      },
                      "_modifiedby_value@OData.Community.Display.V1.FormattedValue": {
                        "type": "string"
                      },
                      "_modifiedby_value@Microsoft.Dynamics.CRM.lookuplogicalname": {
                        "type": "string"
                      },
                      "_modifiedby_value@odata.type": {
                        "type": "string"
                      },
                      "_modifiedby_value": {
                        "type": "string"
                      },
                      "versionnumber@OData.Community.Display.V1.FormattedValue": {
                        "type": "string"
                      },
                      "versionnumber@odata.type": {
                        "type": "string"
                      },
                      "versionnumber": {
                        "type": "integer"
                      },
                      "createdon@OData.Community.Display.V1.FormattedValue": {
                        "type": "string"
                      },
                      "createdon@odata.type": {
                        "type": "string"
                      },
                      "createdon": {
                        "type": "string"
                      },
                      "_ownerid_value@OData.Community.Display.V1.FormattedValue": {
                        "type": "string"
                      },
                      "_ownerid_value@Microsoft.Dynamics.CRM.associatednavigationproperty": {
                        "type": "string"
                      },
                      "_ownerid_value@Microsoft.Dynamics.CRM.lookuplogicalname": {
                        "type": "string"
                      },
                      "_ownerid_value@odata.type": {
                        "type": "string"
                      },
                      "_ownerid_value": {
                        "type": "string"
                      },
                      "ya_prefecturename": {
                        "type": "string"
                      },
                      "owningbusinessunit@odata.associationLink": {
                        "type": "string"
                      },
                      "owningbusinessunit@odata.navigationLink": {
                        "type": "string"
                      },
                      "ownerid@odata.associationLink": {
                        "type": "string"
                      },
                      "ownerid@odata.navigationLink": {
                        "type": "string"
                      },
                      "createdby@odata.associationLink": {
                        "type": "string"
                      },
                      "createdby@odata.navigationLink": {
                        "type": "string"
                      },
                      "createdonbehalfby@odata.associationLink": {
                        "type": "string"
                      },
                      "createdonbehalfby@odata.navigationLink": {
                        "type": "string"
                      },
                      "modifiedby@odata.associationLink": {
                        "type": "string"
                      },
                      "modifiedby@odata.navigationLink": {
                        "type": "string"
                      },
                      "modifiedonbehalfby@odata.associationLink": {
                        "type": "string"
                      },
                      "modifiedonbehalfby@odata.navigationLink": {
                        "type": "string"
                      },
                      "owninguser@odata.associationLink": {
                        "type": "string"
                      },
                      "owninguser@odata.navigationLink": {
                        "type": "string"
                      },
                      "owningteam@odata.associationLink": {
                        "type": "string"
                      },
                      "owningteam@odata.navigationLink": {
                        "type": "string"
                      },
                      "ya_prefecture_SyncErrors@odata.associationLink": {
                        "type": "string"
                      },
                      "ya_prefecture_SyncErrors@odata.navigationLink": {
                        "type": "string"
                      },
                      "ya_prefecture_DuplicateMatchingRecord@odata.associationLink": {
                        "type": "string"
                      },
                      "ya_prefecture_DuplicateMatchingRecord@odata.navigationLink": {
                        "type": "string"
                      },
                      "ya_prefecture_DuplicateBaseRecord@odata.associationLink": {
                        "type": "string"
                      },
                      "ya_prefecture_DuplicateBaseRecord@odata.navigationLink": {
                        "type": "string"
                      },
                      "ya_prefecture_AsyncOperations@odata.associationLink": {
                        "type": "string"
                      },
                      "ya_prefecture_AsyncOperations@odata.navigationLink": {
                        "type": "string"
                      },
                      "ya_prefecture_MailboxTrackingFolders@odata.associationLink": {
                        "type": "string"
                      },
                      "ya_prefecture_MailboxTrackingFolders@odata.navigationLink": {
                        "type": "string"
                      },
                      "ya_prefecture_UserEntityInstanceDatas@odata.associationLink": {
                        "type": "string"
                      },
                      "ya_prefecture_UserEntityInstanceDatas@odata.navigationLink": {
                        "type": "string"
                      },
                      "ya_prefecture_ProcessSession@odata.associationLink": {
                        "type": "string"
                      },
                      "ya_prefecture_ProcessSession@odata.navigationLink": {
                        "type": "string"
                      },
                      "ya_prefecture_BulkDeleteFailures@odata.associationLink": {
                        "type": "string"
                      },
                      "ya_prefecture_BulkDeleteFailures@odata.navigationLink": {
                        "type": "string"
                      },
                      "ya_prefecture_PrincipalObjectAttributeAccesses@odata.associationLink": {
                        "type": "string"
                      },
                      "ya_prefecture_PrincipalObjectAttributeAccesses@odata.navigationLink": {
                        "type": "string"
                      },
                      "ya_Municipality_ya_Prefecture_ya_Prefectu@odata.associationLink": {
                        "type": "string"
                      },
                      "ya_Municipality_ya_Prefecture_ya_Prefectu@odata.navigationLink": {
                        "type": "string"
                      }
                    },
                    "required": [
                      "@@odata.type",
                      "@@odata.id",
                      "@@odata.etag",
                      "@@odata.editLink",
                      "ya_prefecturekana",
                      "_owningbusinessunit_value@OData.Community.Display.V1.FormattedValue",
                      "_owningbusinessunit_value@Microsoft.Dynamics.CRM.associatednavigationproperty",
                      "_owningbusinessunit_value@Microsoft.Dynamics.CRM.lookuplogicalname",
                      "_owningbusinessunit_value@odata.type",
                      "_owningbusinessunit_value",
                      "_owninguser_value@Microsoft.Dynamics.CRM.lookuplogicalname",
                      "_owninguser_value@odata.type",
                      "_owninguser_value",
                      "statecode@OData.Community.Display.V1.FormattedValue",
                      "statecode",
                      "statuscode@OData.Community.Display.V1.FormattedValue",
                      "statuscode",
                      "_createdby_value@OData.Community.Display.V1.FormattedValue",
                      "_createdby_value@Microsoft.Dynamics.CRM.lookuplogicalname",
                      "_createdby_value@odata.type",
                      "_createdby_value",
                      "ya_prefectureid@odata.type",
                      "ya_prefectureid",
                      "modifiedon@OData.Community.Display.V1.FormattedValue",
                      "modifiedon@odata.type",
                      "modifiedon",
                      "ya_code",
                      "_modifiedby_value@OData.Community.Display.V1.FormattedValue",
                      "_modifiedby_value@Microsoft.Dynamics.CRM.lookuplogicalname",
                      "_modifiedby_value@odata.type",
                      "_modifiedby_value",
                      "versionnumber@OData.Community.Display.V1.FormattedValue",
                      "versionnumber@odata.type",
                      "versionnumber",
                      "createdon@OData.Community.Display.V1.FormattedValue",
                      "createdon@odata.type",
                      "createdon",
                      "_ownerid_value@OData.Community.Display.V1.FormattedValue",
                      "_ownerid_value@Microsoft.Dynamics.CRM.associatednavigationproperty",
                      "_ownerid_value@Microsoft.Dynamics.CRM.lookuplogicalname",
                      "_ownerid_value@odata.type",
                      "_ownerid_value",
                      "ya_prefecturename",
                      "owningbusinessunit@odata.associationLink",
                      "owningbusinessunit@odata.navigationLink",
                      "ownerid@odata.associationLink",
                      "ownerid@odata.navigationLink",
                      "createdby@odata.associationLink",
                      "createdby@odata.navigationLink",
                      "createdonbehalfby@odata.associationLink",
                      "createdonbehalfby@odata.navigationLink",
                      "modifiedby@odata.associationLink",
                      "modifiedby@odata.navigationLink",
                      "modifiedonbehalfby@odata.associationLink",
                      "modifiedonbehalfby@odata.navigationLink",
                      "owninguser@odata.associationLink",
                      "owninguser@odata.navigationLink",
                      "owningteam@odata.associationLink",
                      "owningteam@odata.navigationLink",
                      "ya_prefecture_SyncErrors@odata.associationLink",
                      "ya_prefecture_SyncErrors@odata.navigationLink",
                      "ya_prefecture_DuplicateMatchingRecord@odata.associationLink",
                      "ya_prefecture_DuplicateMatchingRecord@odata.navigationLink",
                      "ya_prefecture_DuplicateBaseRecord@odata.associationLink",
                      "ya_prefecture_DuplicateBaseRecord@odata.navigationLink",
                      "ya_prefecture_AsyncOperations@odata.associationLink",
                      "ya_prefecture_AsyncOperations@odata.navigationLink",
                      "ya_prefecture_MailboxTrackingFolders@odata.associationLink",
                      "ya_prefecture_MailboxTrackingFolders@odata.navigationLink",
                      "ya_prefecture_UserEntityInstanceDatas@odata.associationLink",
                      "ya_prefecture_UserEntityInstanceDatas@odata.navigationLink",
                      "ya_prefecture_ProcessSession@odata.associationLink",
                      "ya_prefecture_ProcessSession@odata.navigationLink",
                      "ya_prefecture_BulkDeleteFailures@odata.associationLink",
                      "ya_prefecture_BulkDeleteFailures@odata.navigationLink",
                      "ya_prefecture_PrincipalObjectAttributeAccesses@odata.associationLink",
                      "ya_prefecture_PrincipalObjectAttributeAccesses@odata.navigationLink",
                      "ya_Municipality_ya_Prefecture_ya_Prefectu@odata.associationLink",
                      "ya_Municipality_ya_Prefecture_ya_Prefectu@odata.navigationLink"
                    ]
                  }
                }
              }
            }
          },
          "runAfter": {
            "行を一覧にする": [
              "Succeeded"
            ]
          },
          "metadata": {
            "operationMetadataId": "fe582e68-ea90-4cd8-925c-549eded54560"
          },
          "type": "Foreach"
        }
      }
    },
    "templateName": ""
  },
  "schemaVersion": "1.0.0.0"
}